,FeatureA,FeatureB,FeatureC,FeatureD,FeatureE,FeatureF,FeatureG,FeatureH,FeatureI,FeatureJ,FeatureK,FeatureL,FeatureM,FeatureN,FeatureO,FeatureP,FeatureQ,FeatureR,FeatureS,FeatureT,FeatureU,FeatureV,FeatureW,Label
0,1,0,1,0,1,0,1,0,0,0,0,0,1,0,1,1,1,0,1,0,1,1,0,1
1,0,0,1,0,0,0,1,1,0,0,0,0,1,0,1,0,1,0,1,0,1,0,1,1
2,0,0,1,0,1,0,0,1,0,0,1,0,1,1,0,1,1,0,1,1,1,0,0,1
3,1,0,1,0,1,1,0,0,0,0,0,0,1,0,1,0,0,0,1,1,1,1,0,1
4,1,0,1,1,1,0,1,1,0,1,0,0,0,0,1,0,0,0,0,0,1,1,0,1
5,0,0,1,1,1,0,1,0,0,0,0,0,1,1,1,0,0,0,1,1,1,0,0,1
6,1,0,1,1,1,0,1,1,1,0,0,0,1,0,0,0,1,0,1,0,1,1,0,1
7,0,0,1,0,1,0,1,1,0,0,0,0,1,0,1,0,1,0,1,0,1,0,0,1
8,0,0,1,1,1,0,1,0,0,0,0,0,1,0,0,0,1,0,1,1,1,0,1,1
9,1,0,1,1,1,0,1,0,0,0,0,0,0,0,0,1,1,0,1,1,1,1,0,1
10,0,0,1,1,0,0,1,1,0,0,0,0,0,0,1,0,1,0,1,0,0,1,0,1
11,0,1,1,1,1,0,0,1,1,0,0,0,1,1,0,0,0,1,1,1,1,1,0,1
12,0,0,1,0,1,0,1,1,0,0,0,0,1,1,0,0,1,0,1,1,1,1,0,1
13,0,1,1,1,1,0,1,1,1,0,0,0,1,0,1,0,1,0,0,1,1,0,0,1
14,1,1,1,0,1,0,1,0,0,0,0,0,1,0,0,1,0,0,1,1,1,0,0,1
15,1,0,0,0,1,0,1,1,0,0,0,0,1,0,1,0,1,0,1,0,1,1,0,1
16,1,1,1,1,1,0,0,0,0,0,0,0,1,0,0,0,1,0,1,0,1,1,0,1
17,0,0,1,1,0,1,0,1,0,0,1,0,1,0,0,1,1,1,1,1,1,0,1,1
18,0,0,1,0,1,0,1,0,0,0,0,0,1,0,0,0,0,1,1,1,0,0,0,1
19,0,0,1,0,1,0,1,0,0,1,0,0,1,0,1,0,1,0,0,1,0,0,1,1
20,0,0,1,1,1,0,0,0,0,0,0,0,1,0,0,0,1,0,1,1,1,0,1,1
21,0,0,1,1,1,0,0,0,0,0,0,0,1,0,0,0,1,0,1,1,1,0,1,1
22,0,0,1,1,1,1,1,1,0,0,0,0,1,1,0,0,1,0,1,1,1,0,1,1
23,1,0,1,0,1,0,1,0,0,0,0,0,1,0,0,0,0,0,1,1,1,0,0,1
24,1,0,1,0,0,0,1,0,1,0,0,1,1,0,0,0,0,0,1,1,1,0,0,1
25,0,0,1,1,1,0,1,0,0,0,0,0,1,0,1,0,1,1,1,1,1,0,0,1
26,0,0,1,0,0,0,0,0,0,0,0,0,0,0,1,1,1,0,1,1,1,0,0,1
27,1,0,1,1,1,0,1,1,1,1,0,0,1,0,0,0,1,0,0,1,0,0,0,1
28,1,0,1,1,1,1,0,0,0,0,0,0,1,0,1,1,1,0,1,0,1,0,0,1
29,0,1,1,0,1,1,1,0,1,0,0,0,1,0,0,0,1,0,1,1,1,1,0,1
30,1,0,1,1,1,0,1,0,0,0,0,0,1,0,1,0,1,0,0,0,1,0,0,1
31,0,0,1,1,1,0,1,1,0,0,1,0,1,0,0,0,1,0,0,0,1,1,0,1
32,0,0,1,0,1,0,1,1,0,0,0,0,1,0,0,0,0,1,1,1,1,0,0,1
33,1,0,1,1,1,0,1,1,0,0,1,0,1,0,0,1,0,0,0,0,0,0,1,1
34,0,0,1,1,1,0,1,0,0,0,0,0,1,0,0,0,0,0,1,0,1,1,0,1
35,0,0,1,0,1,0,1,0,1,0,0,0,1,0,1,0,1,0,1,1,1,1,1,1
36,1,0,1,0,0,0,1,0,1,0,0,0,1,0,1,1,1,1,1,1,1,0,0,1
37,1,1,1,1,1,0,1,1,0,0,1,0,1,0,1,0,0,0,1,1,0,1,0,1
38,0,0,1,1,1,0,1,1,0,0,0,0,0,0,0,1,0,0,1,0,0,0,0,1
39,1,0,1,0,1,0,1,1,0,0,0,0,1,0,0,0,1,0,0,0,1,0,0,1
40,1,1,1,0,1,0,0,0,0,0,0,0,1,0,0,0,0,1,1,0,1,1,0,1
41,0,1,1,1,1,0,1,1,0,0,0,0,1,0,0,0,1,0,1,1,1,1,0,1
42,0,0,1,1,1,1,1,1,1,0,0,0,1,0,0,0,0,1,1,1,0,1,0,1
43,0,0,1,0,1,0,1,0,0,0,0,0,0,1,1,0,0,0,1,0,1,1,0,1
44,1,0,0,0,1,0,1,0,0,0,1,0,1,0,0,0,0,0,1,0,1,0,0,0
45,0,0,1,0,1,0,0,0,0,1,0,1,0,0,1,1,1,0,1,1,1,0,0,1
46,0,0,1,1,1,0,1,0,0,0,0,0,0,0,0,0,0,0,1,1,1,0,0,0
47,0,0,1,1,1,0,1,0,0,0,0,0,1,0,0,0,1,1,1,1,1,0,0,1
48,1,0,1,0,1,1,1,1,0,0,0,0,1,0,0,0,1,0,1,0,1,0,0,0
49,1,0,1,0,1,0,1,0,0,0,0,0,1,0,0,0,1,0,1,1,1,0,1,1
50,0,0,1,0,1,0,0,1,0,0,0,0,1,0,0,0,0,1,1,0,1,0,1,1
51,1,0,1,0,1,0,1,1,0,0,0,0,0,1,0,0,0,0,1,1,1,1,0,1
52,1,0,1,0,1,0,0,0,0,0,0,0,1,0,0,0,0,0,1,1,0,0,1,1
53,1,0,1,0,0,0,1,0,1,0,0,0,1,0,1,0,1,1,1,1,1,0,1,1
54,1,0,1,0,1,0,1,0,0,0,0,0,1,0,1,1,0,0,1,1,1,0,0,1
55,0,0,1,1,0,0,1,0,0,0,0,0,1,0,1,0,1,0,1,1,0,1,1,1
56,0,1,1,0,0,0,0,1,0,0,0,0,0,0,0,0,1,0,1,0,1,0,0,1
57,1,0,1,1,0,1,1,0,0,0,0,0,1,0,0,1,1,0,0,1,1,0,1,1
58,0,0,0,0,1,0,1,1,0,0,0,0,1,0,1,0,1,0,1,1,1,0,0,1
59,0,0,1,0,1,0,1,0,0,0,0,0,1,0,0,1,0,0,1,1,1,1,1,1
60,0,0,1,0,1,0,0,1,0,1,0,0,1,0,0,0,1,0,1,1,0,0,0,1
61,0,0,1,1,1,1,0,1,0,0,0,0,1,0,0,1,1,0,1,0,1,1,0,1
62,1,0,1,0,1,1,1,0,0,0,0,0,1,0,0,0,1,0,1,1,0,1,1,1
63,0,0,1,0,1,0,1,0,0,0,0,0,1,0,1,1,1,0,1,1,1,1,0,1
64,1,0,1,0,1,0,1,0,0,0,0,0,0,0,1,0,0,0,1,1,1,1,0,0
65,0,0,1,1,1,0,1,1,1,0,0,0,1,0,0,1,1,1,1,1,1,1,0,1
66,0,0,1,0,1,0,1,1,0,0,0,0,1,0,0,0,1,1,0,0,1,0,0,1
67,0,0,1,1,1,0,0,1,0,0,0,0,1,0,0,0,1,0,0,1,0,1,1,0
68,1,1,1,1,1,0,1,0,1,0,0,0,1,0,1,0,1,0,1,0,1,0,1,1
69,0,0,0,0,1,0,1,0,0,0,0,0,1,0,1,0,1,0,1,1,1,0,0,1
70,0,0,1,1,0,0,0,1,0,0,0,0,1,0,1,0,1,0,1,1,1,1,0,1
71,0,0,1,0,1,0,1,1,0,0,0,0,1,0,0,1,0,0,1,1,1,0,1,1
72,1,0,1,0,1,1,1,0,0,0,0,0,0,0,0,0,0,0,1,1,1,0,0,1
73,0,1,1,1,1,0,0,1,0,0,0,0,1,0,0,0,1,0,1,0,1,0,0,1
74,1,0,1,0,1,0,1,1,0,0,0,0,1,0,0,1,0,0,1,0,1,1,0,1
75,1,0,1,1,1,0,1,0,0,0,1,0,0,0,0,0,1,0,1,1,1,0,0,1
76,0,0,1,1,1,0,1,1,0,0,0,0,0,0,1,0,0,0,1,1,1,1,0,1
77,1,1,1,0,1,0,1,0,1,0,0,0,1,0,0,0,0,0,1,0,1,1,0,1
78,0,0,1,1,1,1,1,1,0,0,0,0,0,0,0,0,1,0,1,1,1,0,0,1
79,1,0,1,1,1,0,1,0,1,0,0,1,1,1,1,0,1,0,1,1,1,0,1,1
80,0,1,1,0,1,0,0,1,0,0,0,0,0,0,0,1,0,0,1,1,1,1,0,1
81,1,1,1,0,1,0,1,0,1,0,1,0,1,0,0,0,1,0,1,1,1,0,0,1
82,1,0,1,0,1,0,1,1,1,0,0,0,1,0,1,0,1,1,1,1,0,0,0,0
83,1,0,1,0,1,0,1,0,1,0,0,0,1,0,0,0,0,0,1,1,1,1,1,1
84,0,0,1,1,1,1,1,1,1,0,1,0,1,0,0,1,0,1,1,0,1,0,1,1
85,0,0,1,0,0,0,0,0,0,0,0,0,1,0,1,0,0,0,1,1,1,0,0,1
86,0,0,1,0,1,0,1,0,0,0,0,0,1,0,0,1,0,0,1,0,1,0,0,1
87,1,0,1,1,1,0,1,0,0,0,0,1,1,0,0,1,0,0,0,0,1,0,1,1
88,1,0,1,0,0,0,1,0,1,0,0,0,1,0,0,0,0,1,1,1,1,1,0,1
89,0,0,1,1,1,0,1,0,1,0,0,0,1,0,0,0,1,0,0,1,1,0,0,1
90,1,0,1,0,1,0,1,0,0,0,0,1,1,0,0,0,0,0,1,0,1,0,0,1
91,0,0,1,0,1,0,1,1,0,0,0,0,1,0,0,1,1,0,1,1,1,1,0,1
92,1,0,1,1,0,0,1,0,1,0,0,0,1,0,0,0,0,0,0,0,1,0,0,1
93,1,0,1,1,1,0,1,0,1,0,0,0,0,0,1,0,1,0,1,0,1,0,0,1
94,0,0,1,0,1,0,1,1,0,0,0,0,0,0,0,0,1,0,1,0,1,0,0,1
95,0,0,0,1,1,0,0,0,0,0,1,0,1,0,0,0,0,0,1,1,1,0,0,1
96,0,1,1,0,0,0,0,0,0,0,0,0,1,0,0,0,1,0,1,1,1,0,0,1
97,1,0,1,0,0,0,1,0,0,0,0,0,1,0,1,0,1,0,0,1,1,0,1,1
98,1,0,1,0,1,0,1,0,0,0,0,0,1,0,0,0,0,0,1,1,0,0,1,1
99,0,0,1,1,1,0,1,0,0,0,0,0,1,0,0,0,1,0,1,0,1,0,1,1
100,1,0,1,1,1,0,0,0,1,0,0,0,1,0,0,1,0,0,1,0,1,0,1,1
101,1,0,1,1,1,0,0,1,0,0,0,0,1,1,1,0,1,0,1,1,1,1,0,1
102,1,0,1,0,1,0,1,1,1,0,0,0,1,0,0,1,1,0,1,1,1,1,0,1
103,1,0,0,0,0,0,1,0,0,0,1,0,1,0,0,0,1,0,1,1,1,0,0,1
104,1,0,1,0,0,0,0,0,0,0,1,0,0,0,0,0,0,0,0,0,1,0,0,1
105,0,1,1,0,0,0,1,0,1,0,0,0,1,0,1,0,0,0,1,0,1,0,1,1
106,1,0,1,0,1,0,1,0,0,1,0,0,1,0,1,0,1,0,1,0,1,1,1,1
107,0,0,1,0,1,1,0,0,0,0,0,0,1,0,1,0,0,0,1,1,1,0,1,1
108,1,0,1,1,1,0,1,0,0,0,0,0,1,0,1,0,0,0,1,1,1,1,1,1
109,0,0,1,1,1,1,1,0,0,0,1,1,1,0,1,0,1,0,1,1,1,0,0,1
110,0,0,1,1,1,0,1,0,1,0,0,0,1,1,0,0,1,0,1,0,1,0,0,1
111,1,0,1,0,1,0,1,0,0,0,0,0,1,0,0,0,1,0,1,0,1,0,0,1
112,1,0,1,0,1,0,1,1,0,0,0,0,1,1,0,0,0,0,1,1,1,1,0,1
113,1,1,1,0,1,0,1,0,0,1,0,0,1,0,0,0,1,0,1,0,1,0,0,1
114,1,0,1,1,1,0,1,1,0,0,1,0,1,0,0,1,1,1,1,0,0,1,0,1
115,0,0,1,0,1,0,1,1,0,0,0,0,0,0,0,0,0,0,1,0,1,0,0,1
116,1,0,0,0,1,0,1,1,0,0,0,0,1,0,0,0,0,0,1,0,1,0,0,1
117,0,1,1,0,1,0,1,0,0,0,0,1,1,0,0,0,0,0,1,0,1,1,1,1
118,0,0,1,1,1,0,1,0,0,0,0,1,1,0,1,0,1,0,1,1,1,1,0,1
119,0,0,1,0,1,0,1,0,0,0,0,0,1,0,0,0,1,0,1,1,1,1,0,1
120,0,0,1,0,1,0,1,0,0,0,0,0,1,0,0,0,1,1,1,1,1,0,0,1
121,1,0,1,1,1,0,1,0,1,0,1,0,1,0,0,0,1,0,1,0,1,1,0,1
122,0,0,1,0,1,1,1,1,0,0,0,0,1,0,0,0,1,0,1,1,1,1,1,1
123,0,0,1,1,1,0,1,1,0,0,0,0,1,1,0,1,1,0,1,0,1,1,0,1
124,0,0,1,1,1,0,1,1,0,1,0,0,1,0,1,0,1,0,1,0,1,0,0,1
125,0,1,0,1,1,0,0,1,0,0,0,0,1,0,0,0,1,0,1,0,1,0,1,1
126,1,1,1,1,1,0,1,1,1,0,0,0,1,0,0,1,1,0,1,0,1,0,0,1
127,0,0,1,1,1,0,1,1,1,0,0,0,0,0,0,1,0,0,1,1,0,0,0,1
128,0,1,1,0,0,0,1,1,0,0,0,0,1,0,0,0,1,0,1,0,1,0,0,1
129,1,0,0,1,1,0,1,0,1,0,1,0,1,0,1,1,1,0,1,0,1,1,0,1
130,0,0,1,0,1,0,0,1,0,0,0,0,0,0,1,0,0,0,1,1,1,0,0,1
131,1,0,1,0,1,0,0,0,0,0,1,0,0,0,0,0,0,0,1,1,1,0,0,1
132,1,0,1,1,0,0,0,0,0,0,0,1,1,0,0,0,1,0,1,0,1,1,1,1
133,0,0,1,1,1,0,1,1,0,0,0,0,1,0,0,0,0,0,1,0,0,0,0,1
134,0,0,0,0,1,0,1,0,0,0,0,0,1,0,0,0,1,0,1,1,1,0,0,1
135,0,0,1,0,1,0,1,1,0,0,0,0,1,0,0,1,0,0,1,1,1,1,0,1
136,1,1,1,1,0,0,1,1,1,0,0,0,0,0,0,0,0,0,1,1,1,0,1,1
137,1,0,1,1,1,0,1,0,0,0,1,0,1,0,1,0,0,0,1,1,1,0,0,1
138,0,0,1,1,1,0,1,0,0,1,0,0,1,0,0,0,1,0,1,0,1,1,0,1
139,0,0,1,0,1,0,1,1,0,0,0,0,1,0,0,0,0,0,1,1,1,1,0,1
140,0,0,1,0,0,0,0,0,0,0,0,0,1,0,0,0,1,0,0,1,1,0,0,1
141,0,0,1,0,1,0,0,1,0,0,0,0,1,0,0,1,0,0,1,1,0,0,0,1
142,0,1,1,1,0,0,1,0,0,0,0,0,1,0,0,0,0,0,1,1,1,0,0,1
143,1,0,1,0,1,0,1,1,0,0,0,0,1,0,0,0,1,0,1,1,1,1,0,1
144,1,0,1,0,1,0,1,0,0,0,0,0,1,0,0,1,1,0,1,1,1,0,0,1
145,1,0,1,0,1,0,1,1,1,0,0,0,1,0,1,0,1,0,1,1,1,1,0,1
146,0,0,1,1,1,0,0,0,0,0,1,0,1,0,0,1,1,0,1,0,1,1,1,1
147,1,0,1,0,1,0,1,0,0,0,0,0,1,0,1,1,1,0,0,0,1,1,0,1
148,0,0,1,1,0,0,0,0,0,0,0,0,1,0,0,0,0,0,0,1,1,1,0,1
149,0,0,1,1,1,0,1,1,0,0,0,0,1,0,0,0,1,0,1,1,1,1,0,1
150,1,0,0,0,1,0,1,0,0,0,0,0,1,0,0,0,0,0,0,1,1,1,0,1
151,1,0,1,1,1,0,0,1,1,1,0,0,1,0,0,0,1,0,1,1,1,0,0,1
152,1,0,1,0,1,0,1,1,1,0,0,0,1,0,0,1,0,0,1,0,1,0,0,1
153,1,0,1,1,1,0,1,1,0,0,0,0,0,0,0,1,1,0,0,0,1,1,0,1
154,0,0,1,0,1,0,0,0,0,0,1,0,0,0,0,1,1,0,1,0,0,0,0,1
155,1,0,1,0,1,0,0,1,0,0,0,0,1,0,0,0,1,1,1,0,1,0,1,1
156,0,1,1,1,1,0,1,0,0,0,0,0,1,0,1,0,1,0,1,1,1,1,0,1
157,0,0,1,1,1,0,1,0,1,0,1,0,1,0,1,0,0,0,1,1,1,0,1,1
158,1,0,1,1,1,0,1,0,0,0,0,0,1,0,1,0,1,0,1,1,1,0,0,1
159,1,0,1,1,1,0,1,0,0,0,0,0,1,0,0,0,1,0,1,1,0,0,0,1
160,0,0,1,1,1,0,1,0,0,0,0,0,1,0,1,0,0,0,1,0,0,1,0,1
161,1,0,1,0,1,0,0,0,1,0,0,0,0,1,0,1,0,0,1,1,1,0,0,1
162,1,0,0,0,1,0,1,1,1,0,0,0,1,0,0,0,0,0,1,1,0,1,0,1
163,1,0,1,1,1,0,1,1,0,0,0,0,0,0,0,0,1,0,0,1,1,1,1,1
164,0,0,1,0,1,0,1,1,0,1,0,0,1,0,1,0,1,0,1,1,1,1,1,1
165,0,0,1,0,1,0,1,1,1,0,0,0,1,0,1,1,1,0,1,0,0,0,0,1
166,0,0,0,1,1,0,1,1,0,0,0,0,1,0,1,0,1,0,1,1,1,1,0,1
167,0,0,0,1,1,0,1,0,0,1,0,0,1,0,1,0,1,0,1,1,0,0,0,1
168,1,0,1,1,1,0,0,0,1,0,1,0,1,0,1,0,0,0,1,0,1,1,1,1
169,1,0,1,0,0,0,1,0,0,0,0,0,1,0,0,1,1,0,1,1,1,1,0,0
170,0,1,1,0,1,0,1,0,0,0,0,0,0,0,1,0,1,0,0,0,1,1,0,1
171,1,0,1,0,1,0,0,1,0,0,0,0,0,0,0,1,0,0,1,0,1,0,0,1
172,1,0,1,0,1,1,1,1,0,0,0,0,1,1,0,1,1,0,1,0,1,0,0,1
173,0,0,1,0,1,1,1,1,0,0,0,1,1,0,1,0,0,0,1,0,1,0,0,1
174,0,0,1,0,0,0,1,0,0,0,1,0,1,0,1,0,0,0,1,1,1,0,0,1
175,1,0,1,0,1,0,1,0,0,0,0,0,1,0,0,0,0,0,1,0,0,0,1,1
176,0,0,1,1,1,0,1,1,0,0,0,0,1,0,0,0,1,0,1,0,1,0,1,0
177,1,0,1,1,1,0,0,0,0,1,0,0,0,0,0,0,0,0,1,0,1,1,0,0
178,0,0,1,0,1,0,0,0,1,0,0,0,1,0,0,1,1,0,1,0,0,0,0,1
179,0,0,1,1,1,0,1,0,1,0,0,0,0,0,0,0,1,0,1,0,1,0,0,1
180,0,0,0,1,1,0,0,1,1,0,0,0,0,0,0,0,1,0,1,1,1,0,0,1
181,0,0,1,0,0,0,1,0,1,0,0,0,1,0,0,0,0,0,1,1,0,1,0,1
182,1,0,1,1,1,0,1,1,0,0,0,0,1,0,1,0,1,0,1,1,1,1,0,0
183,0,1,1,1,1,0,1,0,0,0,0,0,0,0,1,0,1,0,1,1,1,0,1,1
184,1,0,1,0,1,1,1,1,0,0,0,1,0,1,0,1,0,0,1,0,1,1,0,1
185,1,0,1,0,1,0,1,0,0,1,0,0,1,0,1,0,0,1,1,0,1,1,0,1
186,1,0,1,1,1,0,0,1,1,0,0,0,0,0,1,0,1,0,1,1,1,1,0,1
187,1,0,1,1,1,0,1,1,0,0,1,0,0,0,0,0,1,0,1,0,1,1,1,1
188,1,0,1,0,1,0,0,1,0,0,0,0,1,0,1,1,0,0,1,1,0,1,0,1
189,0,0,1,1,1,0,1,1,0,0,0,0,1,1,0,0,1,0,1,1,1,1,0,1
190,1,0,1,1,0,0,1,1,0,0,1,0,1,0,0,1,1,0,1,1,1,0,0,1
191,1,0,1,1,1,0,0,1,0,0,0,0,1,0,0,0,1,0,1,1,0,0,0,1
192,1,0,1,0,0,0,1,1,0,0,0,0,1,0,0,0,1,0,1,0,1,1,0,1
193,1,0,1,1,1,0,0,0,1,1,0,0,1,1,0,0,0,0,1,1,1,0,0,1
194,1,0,1,0,0,0,1,0,0,0,0,0,1,0,0,0,1,0,1,0,0,0,0,1
195,0,0,0,1,1,0,1,1,1,0,1,0,1,1,0,0,1,0,1,0,1,0,1,1
196,0,0,1,0,1,0,1,0,0,0,0,0,1,0,0,0,1,0,1,0,1,0,1,1
197,1,0,1,0,1,0,0,0,0,0,0,0,0,0,0,0,1,0,1,1,1,0,0,1
198,0,1,1,1,1,0,1,1,0,0,0,0,1,0,0,0,0,0,1,1,1,1,1,1
199,1,0,1,0,1,1,0,0,0,1,0,0,1,0,0,0,1,0,0,0,1,0,0,1
200,1,0,1,0,1,0,0,0,1,1,0,0,1,0,1,1,0,0,1,1,1,0,1,1
201,0,1,1,1,1,0,0,0,0,0,0,0,1,0,0,0,1,0,1,1,0,0,1,1
202,1,0,1,0,0,0,1,0,0,0,0,0,1,0,0,0,1,0,1,1,1,0,0,1
203,1,0,1,1,1,0,1,1,0,0,1,0,1,0,0,0,1,0,1,1,1,0,0,1
204,0,0,1,1,1,0,1,1,0,0,1,0,1,0,0,1,1,0,1,1,1,0,0,1
205,1,0,1,1,1,0,1,1,1,0,1,0,1,0,1,0,0,1,1,1,1,0,1,1
206,0,0,1,0,0,0,1,0,0,0,1,0,0,0,1,1,1,0,1,0,0,1,0,1
207,0,0,1,1,1,0,1,0,0,0,0,0,0,0,1,1,1,0,1,0,1,1,0,1
208,1,0,1,0,1,0,1,0,0,1,0,0,1,0,0,0,1,0,1,1,1,0,1,1
209,0,0,1,0,0,1,1,1,0,0,0,0,1,0,0,1,1,0,0,0,1,1,0,1
210,0,0,1,1,1,0,1,1,0,0,1,0,1,0,0,0,0,0,1,1,1,0,0,1
211,0,1,1,0,1,0,1,1,0,0,0,0,0,0,0,0,0,0,1,1,1,1,0,1
212,0,0,0,1,1,0,1,1,0,0,1,0,1,0,0,0,1,1,1,1,1,0,0,1
213,1,0,1,0,1,0,1,0,0,0,1,0,1,0,1,0,1,0,0,0,1,0,1,1
214,1,0,1,0,1,1,1,1,0,0,0,0,1,0,0,0,1,0,1,1,1,1,0,1
215,0,0,1,0,1,0,1,1,0,1,0,0,0,0,0,0,0,0,1,1,0,0,1,1
216,0,0,1,0,0,0,1,0,0,0,0,0,1,0,0,1,1,0,1,1,1,0,1,1
217,0,0,1,1,1,0,1,1,0,0,0,0,1,1,1,1,1,0,1,1,0,0,0,1
218,0,0,1,1,1,0,0,0,1,0,0,1,1,0,1,1,1,0,1,0,1,1,0,1
219,1,0,1,1,1,0,1,0,1,0,0,0,0,0,0,0,0,0,1,0,1,0,0,1
220,0,0,1,1,1,0,0,0,0,0,1,0,1,0,0,0,1,0,1,1,1,1,0,1
221,1,0,1,0,1,0,1,0,0,0,0,0,0,1,0,1,0,0,1,0,1,1,1,1
222,1,0,1,0,1,0,1,1,0,0,1,0,1,0,0,1,1,0,1,0,1,1,0,1
223,1,1,1,1,1,0,1,0,0,1,0,0,1,0,0,0,1,0,1,1,1,1,1,1
224,1,0,1,1,1,0,1,0,1,0,0,0,1,0,0,0,0,0,1,1,1,0,0,1
225,0,0,1,1,1,1,0,0,0,0,0,0,1,0,1,0,1,0,1,0,1,0,0,1
226,1,0,1,0,1,0,1,1,0,0,1,0,1,0,0,0,1,1,1,0,1,0,1,1
227,0,0,1,1,1,1,1,0,0,0,1,0,1,0,0,0,0,1,1,1,1,0,0,1
228,1,0,1,0,0,0,0,0,0,0,1,0,1,0,1,0,0,0,1,0,1,0,1,1
229,1,0,1,1,1,0,1,0,1,0,0,0,0,0,1,1,0,0,1,1,1,0,0,1
230,1,0,0,0,1,0,1,1,0,0,0,0,1,0,0,0,1,0,1,1,1,0,0,1
231,1,0,0,1,0,0,0,1,0,0,0,0,1,0,0,1,1,0,1,1,0,1,1,1
232,0,0,1,1,1,0,1,0,1,0,0,0,0,1,0,0,0,0,1,0,0,1,0,1
233,1,0,1,0,1,0,0,0,0,1,0,0,0,0,0,0,0,0,1,1,0,0,1,1
234,0,0,1,0,0,0,0,0,1,0,0,0,1,0,0,1,1,1,0,1,1,1,0,1
235,1,0,1,1,1,1,0,0,0,0,0,1,1,0,1,0,0,0,1,0,1,0,0,1
236,1,0,0,1,1,0,0,1,0,0,0,0,1,0,1,1,0,0,1,0,1,1,0,1
237,1,0,1,0,1,0,0,0,0,0,0,0,1,0,0,0,0,0,1,1,1,0,0,1
238,0,0,1,0,1,0,1,1,0,0,0,0,1,0,0,0,1,0,1,1,1,0,0,1
239,0,1,1,1,1,0,1,0,0,0,0,0,1,0,0,0,1,0,1,1,1,1,0,1
240,0,0,1,0,0,0,1,1,0,0,0,0,0,0,0,1,1,0,1,0,0,1,0,1
241,1,0,1,0,1,0,1,1,0,0,0,1,1,0,0,0,1,0,1,1,1,1,0,1
242,0,0,1,1,1,0,1,1,0,0,0,0,1,0,0,0,1,0,1,0,1,0,0,1
243,1,0,1,0,1,1,0,0,0,1,0,0,0,0,1,0,0,0,1,0,1,1,1,1
244,1,0,1,1,1,0,1,0,0,0,0,0,1,0,0,0,0,0,1,1,1,1,0,1
245,0,0,1,0,1,0,0,0,0,0,0,0,1,0,0,0,1,0,1,1,1,1,1,1
246,0,0,1,0,1,0,1,0,0,0,0,0,0,0,0,0,1,0,1,0,0,0,0,1
247,0,0,1,1,1,0,0,1,0,0,0,0,1,0,1,1,1,0,1,1,1,1,0,1
248,0,0,0,0,1,0,1,1,0,0,1,0,1,0,0,0,1,0,1,1,1,1,0,1
249,1,0,1,1,1,0,1,0,0,0,0,0,1,0,0,1,0,0,1,1,1,0,1,1
250,0,0,1,1,1,0,1,0,0,0,0,0,0,0,1,0,1,0,1,0,1,0,0,1
251,1,0,1,1,1,0,1,0,1,1,0,0,1,0,0,0,1,0,1,0,1,0,0,1
252,1,0,1,0,0,0,1,1,0,0,0,1,0,0,0,0,1,0,1,0,1,0,0,1
253,0,1,1,1,1,0,0,0,0,0,1,0,0,1,1,0,1,0,1,1,1,1,0,1
254,0,0,1,1,1,0,0,0,0,0,0,0,1,0,0,0,1,0,1,1,1,0,0,1
255,0,0,1,1,1,0,1,0,0,0,0,0,0,0,1,0,1,0,1,1,1,0,0,1
256,1,0,1,0,1,0,1,1,1,0,0,0,1,0,1,0,1,0,1,0,0,1,0,1
257,1,0,1,1,1,0,1,0,0,0,0,0,1,0,0,0,0,0,1,0,1,1,1,0
258,1,1,1,0,1,0,1,1,0,0,0,0,1,0,1,0,0,1,0,1,1,0,0,1
259,0,0,1,0,1,0,0,0,0,0,0,0,1,0,0,1,0,0,1,0,1,0,1,1
260,1,0,1,1,1,0,0,1,1,0,1,0,1,0,1,1,1,0,1,1,1,0,0,1
261,0,0,1,0,1,0,1,0,0,0,1,0,1,0,0,1,0,1,1,0,1,1,0,1
262,0,1,1,0,1,0,1,1,0,0,0,0,1,0,1,0,1,0,1,0,0,0,1,1
263,0,0,1,1,1,0,1,1,0,0,0,0,0,1,0,0,1,0,1,0,1,0,0,1
264,0,0,1,0,1,0,1,0,0,1,0,0,0,0,0,1,1,0,1,1,1,1,0,1
265,0,0,1,1,1,0,1,0,0,1,0,0,1,0,0,0,1,0,1,1,1,0,0,1
266,0,0,1,1,1,0,0,1,0,0,0,0,1,0,0,0,1,0,1,1,0,0,1,1
267,0,0,1,0,1,0,1,0,0,0,1,0,0,0,0,0,1,0,1,1,1,1,0,1
268,1,0,1,1,1,1,0,0,0,0,1,0,0,1,1,0,0,1,1,1,1,0,1,1
269,0,0,1,1,0,0,1,1,1,1,0,0,0,0,0,0,0,1,1,1,1,1,0,1
270,0,0,1,1,0,1,1,0,0,1,1,1,1,0,1,0,1,0,1,0,1,0,0,1
271,1,1,1,1,1,0,1,1,0,0,0,1,1,1,0,1,0,0,1,0,1,0,0,1
272,1,0,1,0,1,0,1,1,1,0,0,1,1,0,0,1,1,0,1,0,1,0,1,1
273,1,0,1,0,0,0,1,1,0,0,0,0,1,0,0,0,1,0,1,1,1,0,1,1
274,1,0,1,0,1,1,1,0,1,0,1,0,1,0,0,1,0,0,1,1,1,1,0,1
275,1,0,1,1,1,0,1,0,0,0,0,0,1,0,0,1,0,0,1,1,1,0,0,1
276,1,0,1,1,1,0,1,1,1,0,0,0,1,0,0,1,0,0,1,1,1,0,1,1
277,1,0,1,1,0,0,1,0,0,1,0,0,0,0,0,0,0,0,1,0,1,1,0,1
278,0,0,1,1,1,0,1,0,0,0,0,0,1,0,0,0,1,0,1,1,0,1,0,1
279,1,0,1,0,1,0,1,0,0,1,0,0,1,0,1,0,0,0,1,0,0,0,1,1
280,1,1,1,0,1,0,0,1,0,0,0,0,1,0,0,0,0,0,1,1,1,0,0,1
281,0,0,1,0,1,0,0,1,0,0,0,1,1,0,0,1,1,1,1,1,1,0,0,1
282,0,0,1,0,1,0,1,0,0,1,0,0,1,0,0,1,1,1,1,1,1,1,0,1
283,0,0,1,1,1,0,1,1,0,0,1,0,1,0,0,1,0,1,1,0,1,1,0,1
284,0,0,1,0,1,0,1,0,1,0,0,0,1,0,1,0,0,0,1,1,1,0,0,0
285,1,0,1,1,1,0,1,0,0,0,0,0,1,0,0,0,1,0,1,0,0,1,1,1
286,0,0,1,1,0,0,0,0,0,0,0,0,1,0,0,0,1,0,1,1,1,0,1,1
287,1,0,1,1,1,0,1,1,0,0,0,0,1,0,1,1,1,0,1,1,1,1,0,1
288,1,0,1,0,1,0,1,1,1,0,0,0,1,1,0,0,1,0,1,0,1,1,0,1
289,1,0,1,1,1,0,1,1,0,0,0,0,1,0,1,0,1,0,0,1,1,1,0,1
290,0,0,1,0,0,1,1,1,0,0,0,0,1,0,1,1,0,0,1,1,1,0,1,1
291,1,0,1,0,1,0,1,0,0,0,0,0,1,0,0,1,0,0,1,1,1,0,0,1
292,1,0,1,1,1,0,0,1,0,0,0,0,1,0,0,1,0,0,1,1,1,1,0,1
293,0,1,1,1,1,1,0,1,1,0,0,0,1,0,0,0,1,0,1,0,1,1,1,1
294,1,0,1,1,1,0,1,0,1,0,0,0,1,0,1,1,0,0,0,1,1,1,0,0
295,0,0,1,1,0,0,1,0,1,0,0,1,1,0,0,0,0,0,1,0,1,1,0,1
296,1,0,1,1,1,0,0,1,0,0,0,0,1,0,1,1,1,0,1,0,1,1,1,1
297,0,0,1,0,1,0,1,0,0,0,0,0,1,0,0,1,1,0,1,1,1,0,0,1
298,0,0,1,1,1,0,1,1,0,0,0,0,1,0,0,0,0,0,1,1,0,0,0,1
299,0,0,1,1,1,0,1,0,0,0,1,0,1,0,0,0,1,1,1,0,1,0,1,1
300,1,0,1,1,1,0,1,0,0,0,0,1,1,0,0,0,1,1,1,0,1,0,0,1
301,0,0,1,0,1,0,1,0,0,0,0,0,0,0,0,0,1,0,1,1,1,1,1,1
302,0,0,1,1,1,0,1,0,0,0,0,0,1,0,0,1,1,0,1,1,1,0,0,1
303,0,0,1,1,1,0,1,1,0,0,0,0,0,0,0,0,0,0,1,1,1,0,1,1
304,1,0,1,0,1,0,1,0,0,0,0,0,1,0,0,0,1,0,1,0,1,0,0,1
305,0,0,0,0,1,0,1,1,0,0,0,0,1,0,0,0,1,0,1,0,1,1,0,1
306,1,0,1,1,1,0,1,1,0,0,0,0,1,0,1,0,1,0,1,0,1,0,1,1
307,1,0,1,1,1,0,1,0,0,1,0,0,1,0,0,0,1,0,1,0,1,0,0,1
308,0,0,1,0,1,0,1,0,0,0,0,1,1,0,1,1,0,0,1,0,1,1,0,1
309,0,0,1,1,1,0,1,1,0,0,0,0,1,0,0,1,0,0,1,0,1,0,0,1
310,0,0,1,1,1,0,1,0,0,0,0,0,1,0,0,0,1,0,1,0,0,0,0,1
311,0,1,1,0,1,0,1,0,0,0,0,0,1,0,0,0,1,0,1,1,1,0,1,1
312,0,0,1,1,1,0,1,0,0,0,0,0,1,0,1,1,1,0,1,1,1,0,0,1
313,0,0,1,0,1,1,1,1,1,0,0,0,1,0,0,0,0,0,1,0,0,1,0,1
314,0,0,1,0,1,0,1,1,0,0,0,0,1,0,0,1,0,0,0,0,0,1,0,1
315,0,0,1,0,1,0,0,1,0,0,0,0,0,0,0,1,0,0,1,0,1,1,0,1
316,0,0,1,1,1,0,1,0,1,0,0,0,1,0,0,1,0,0,1,1,1,0,1,1
317,0,0,1,0,1,0,0,1,0,0,0,0,1,0,0,1,1,0,1,1,1,0,1,1
318,0,0,1,0,1,0,0,0,1,0,0,0,1,0,0,0,0,0,1,1,0,0,1,1
319,0,0,1,0,1,0,1,1,0,0,1,0,1,0,0,0,0,0,0,0,1,1,0,0
320,1,1,1,0,1,0,1,0,0,0,0,0,1,0,0,0,0,0,1,1,1,0,0,1
321,1,0,1,1,1,0,0,1,0,0,0,0,1,0,1,0,1,0,1,1,1,0,0,1
322,0,0,1,0,1,0,1,1,1,0,0,0,1,0,0,1,1,0,1,1,1,0,0,1
323,0,0,1,0,1,0,0,1,0,0,1,0,1,0,0,0,1,0,1,1,1,0,1,1
324,1,0,1,0,1,0,1,0,0,0,0,0,1,0,0,0,0,0,0,0,1,0,0,1
325,0,0,0,0,0,0,1,0,0,0,0,0,0,1,0,0,1,0,1,0,1,1,0,1
326,0,0,1,0,1,1,1,0,0,1,1,0,1,1,0,0,0,0,1,1,1,0,0,1
327,1,1,1,1,0,0,1,1,0,0,0,0,1,0,0,1,1,0,1,0,0,1,0,1
328,1,0,1,1,1,0,1,0,0,0,1,0,1,0,0,0,1,1,1,1,1,0,0,0
329,1,0,1,0,1,0,1,1,0,0,0,0,1,0,0,1,0,0,1,1,1,0,1,1
330,0,0,1,1,0,1,1,0,0,0,0,0,1,0,1,0,1,0,0,1,1,0,1,1
331,0,0,1,0,1,0,1,0,0,0,1,0,1,0,0,0,0,0,1,1,1,0,0,1
332,1,1,1,0,1,1,1,0,1,0,0,0,1,0,1,1,0,0,0,1,1,1,0,1
333,0,0,0,1,1,0,0,0,0,0,0,0,1,0,0,0,0,0,0,1,1,1,0,1
334,0,0,1,1,1,0,1,1,0,1,0,0,1,0,0,0,1,0,1,1,1,0,1,1
335,1,0,1,0,1,0,0,0,1,0,0,0,1,0,0,0,1,0,1,1,0,0,0,1
336,1,0,1,1,0,0,0,1,0,0,1,0,0,0,1,1,0,0,1,1,1,1,0,1
337,0,0,1,0,1,0,1,1,0,0,0,1,1,0,0,1,0,0,1,1,1,1,1,1
338,0,1,1,1,1,0,1,0,1,0,0,1,1,0,1,0,1,0,1,1,1,0,0,1
339,0,1,1,1,0,0,1,1,0,0,0,0,1,0,0,0,1,0,1,1,1,1,1,1
340,0,0,1,1,1,0,0,0,0,0,0,0,1,1,1,0,0,0,1,1,1,0,1,1
341,1,0,1,0,0,0,1,1,1,0,0,0,1,0,0,1,1,0,1,1,1,0,0,1
342,1,0,1,0,1,0,1,0,0,1,0,0,1,0,0,1,1,0,1,0,1,0,0,1
343,1,0,1,1,1,0,1,1,0,0,0,0,1,0,0,0,1,0,1,0,0,0,0,1
344,1,0,1,0,1,1,1,1,1,0,1,0,1,0,0,0,1,0,1,1,1,0,0,1
345,0,0,1,1,0,0,1,1,0,0,0,0,1,0,0,1,1,0,1,1,1,0,1,1
346,0,0,1,1,1,0,0,1,1,0,1,0,1,0,1,0,0,0,1,1,1,1,0,1
347,0,0,1,0,1,0,1,1,0,0,0,0,1,0,0,0,0,0,1,1,0,0,1,1
348,0,0,1,1,1,0,1,1,0,0,1,0,1,0,1,0,0,0,1,1,1,1,0,1
349,1,0,1,0,1,0,1,0,0,0,0,0,0,0,0,1,0,0,1,1,1,0,0,1
350,0,0,1,1,1,0,1,0,1,0,0,0,1,0,1,0,0,0,1,1,1,0,1,1
351,0,0,1,0,1,1,1,0,0,0,1,0,1,0,1,0,1,0,1,1,1,0,0,1
352,1,0,1,1,1,1,1,1,0,0,1,0,1,0,0,0,0,0,1,1,1,1,0,1
353,0,0,1,1,1,0,1,0,0,1,0,0,1,1,0,0,1,0,1,0,1,0,0,1
354,1,0,1,0,1,0,1,0,0,0,0,0,1,0,0,0,1,0,1,0,1,0,1,1
355,1,1,1,0,0,0,0,1,1,0,0,0,0,1,0,0,0,0,1,0,1,0,0,1
356,0,0,1,0,1,0,1,0,0,0,0,0,1,0,0,0,1,0,1,1,0,1,0,1
357,1,0,1,1,1,0,1,0,0,0,0,0,0,0,1,0,1,0,1,1,1,1,0,1
358,1,0,1,0,0,0,1,1,0,1,0,0,1,0,1,1,1,0,1,0,1,1,0,1
359,1,0,1,0,1,0,0,0,0,0,0,0,1,0,0,0,1,0,1,0,1,1,0,1
360,0,0,1,1,1,0,1,0,0,1,0,0,0,0,1,0,1,0,1,1,1,0,0,1
361,1,0,1,1,1,0,1,0,1,0,0,0,1,0,0,0,1,0,1,0,1,0,0,1
362,0,0,1,0,1,0,1,1,0,0,0,0,0,0,1,0,0,1,1,0,0,0,1,1
363,1,0,1,1,0,0,1,1,0,0,0,0,1,0,0,0,0,0,1,1,1,1,0,1
364,1,0,1,1,1,0,1,1,0,1,0,0,1,0,1,0,1,0,1,0,0,0,0,1
365,0,0,1,0,1,0,1,0,0,0,0,0,0,0,0,0,1,0,1,1,1,1,0,1
366,0,1,1,0,1,0,0,0,0,1,0,0,1,0,1,0,1,0,1,1,1,0,0,1
367,0,0,1,1,1,0,1,0,0,0,0,0,0,0,1,1,1,1,1,0,1,1,0,1
368,1,0,1,1,0,0,1,1,0,0,0,0,1,0,1,0,0,0,1,1,0,0,0,1
369,1,1,1,1,1,1,1,0,0,0,0,0,0,0,1,0,0,0,0,1,1,0,0,1
370,0,1,1,1,0,0,1,0,0,0,0,1,1,0,0,1,1,0,0,0,0,1,0,1
371,0,0,1,0,1,0,0,1,0,0,1,0,0,0,1,0,1,0,1,0,1,0,1,1
372,0,0,1,1,1,0,1,1,0,0,0,0,1,0,0,0,1,0,1,0,1,0,0,1
373,1,0,1,0,1,0,1,1,0,1,0,0,1,0,1,1,0,0,1,1,1,1,0,1
374,0,0,1,0,0,0,1,1,0,0,0,0,0,0,0,0,1,0,1,1,1,0,0,1
375,1,0,1,0,1,0,1,0,0,0,0,0,1,0,0,0,0,0,0,1,1,1,1,1
376,0,1,1,0,1,0,1,0,1,0,0,0,1,0,0,0,0,0,1,1,1,1,0,1
377,0,1,1,0,1,0,1,1,1,0,0,0,1,0,0,0,1,0,1,0,1,0,1,1
378,1,1,1,1,1,0,1,0,1,0,0,0,1,0,1,0,0,0,0,1,1,1,0,1
379,1,0,1,0,1,0,1,0,0,0,0,0,1,0,0,0,1,0,1,1,1,0,0,1
380,0,0,1,0,1,0,1,0,1,0,0,0,1,0,0,1,0,0,1,0,1,1,0,1
381,0,0,1,1,1,0,1,1,0,0,0,0,1,0,1,0,0,0,1,1,0,0,0,1
382,1,0,1,0,0,0,1,0,0,0,0,0,1,0,1,0,0,0,1,1,1,1,0,1
383,0,1,1,0,1,0,1,0,0,0,1,0,1,1,0,0,1,0,1,1,1,1,0,1
384,0,0,1,1,1,0,0,0,1,0,0,0,1,0,0,0,1,0,0,0,1,1,0,1
385,0,0,1,0,1,0,1,0,0,0,0,0,1,0,0,0,0,0,1,1,1,0,1,1
386,1,0,1,0,1,0,1,0,0,0,0,0,1,0,0,0,0,0,1,1,1,0,0,1
387,0,0,1,1,1,0,1,0,0,0,0,0,0,1,0,0,0,0,1,1,1,0,0,1
388,1,0,1,0,1,0,1,1,0,0,1,0,1,0,0,0,1,0,1,0,1,0,0,1
389,1,0,1,1,0,0,1,0,0,0,0,0,1,1,1,1,1,0,1,0,1,1,0,0
390,0,0,1,0,1,0,1,0,0,0,0,0,1,0,0,0,1,0,0,1,1,1,1,1
391,0,0,1,1,0,0,0,0,0,0,0,0,1,0,0,0,0,0,1,0,1,0,0,1
392,0,1,1,0,1,1,1,1,0,0,0,0,1,0,1,1,0,0,1,1,1,1,1,1
393,1,0,1,1,1,0,0,1,0,0,0,0,0,1,0,1,0,0,1,1,0,1,1,1
394,0,0,1,1,1,0,1,0,0,0,0,0,1,0,1,0,0,0,1,1,1,1,0,1
395,1,0,1,0,0,0,1,1,0,0,0,0,1,0,0,0,1,0,1,0,1,0,0,1
396,1,0,1,1,1,0,0,0,0,0,0,0,0,0,0,0,1,0,1,0,1,1,1,1
397,0,0,1,1,1,0,0,1,0,0,0,0,1,0,0,1,0,0,1,1,1,1,0,1
398,0,1,1,1,1,0,1,0,1,0,1,0,1,0,0,0,0,0,1,1,1,0,1,1
399,1,0,1,0,1,1,1,0,0,0,0,0,0,0,0,0,1,0,1,1,1,0,0,1
400,0,0,1,0,1,0,1,1,0,0,0,0,1,0,0,0,0,0,0,0,1,0,0,1
401,0,0,1,1,1,0,1,0,1,0,0,0,0,1,0,1,0,1,1,1,0,1,1,1
402,0,0,1,0,1,0,1,0,0,0,0,0,1,0,0,0,1,0,1,1,0,0,0,1
403,1,0,1,1,1,0,1,1,0,0,0,1,1,0,1,1,1,0,1,0,1,0,1,1
404,0,0,1,0,1,0,1,1,1,0,1,0,1,0,0,0,1,0,0,1,1,1,0,1
405,0,0,1,1,1,0,1,0,0,0,0,0,1,0,0,1,1,0,1,1,1,1,1,1
406,1,0,1,1,0,0,1,1,1,0,0,0,1,0,0,0,1,0,0,1,1,0,0,1
407,0,0,1,1,1,0,1,0,0,0,0,0,0,1,0,0,0,1,1,0,1,0,0,1
408,1,0,1,0,1,0,1,1,1,0,1,0,0,0,1,1,1,0,1,0,1,1,0,1
409,1,0,1,0,1,0,0,1,0,0,0,0,1,0,0,0,0,0,1,1,1,0,0,1
410,1,0,1,1,1,0,1,1,0,0,0,0,1,0,0,0,1,0,1,1,1,1,0,1
411,0,1,1,1,0,0,1,1,0,1,0,0,1,0,0,0,0,0,1,1,1,1,0,1
412,1,0,1,0,1,0,0,1,0,0,0,0,1,0,0,0,1,0,1,1,1,1,0,1
413,0,0,1,0,1,0,1,1,0,0,1,0,1,0,0,0,1,0,1,1,1,0,1,1
414,0,0,1,1,1,0,0,1,0,0,0,0,1,0,0,1,1,0,1,1,0,1,0,1
415,0,0,1,1,1,0,1,1,0,0,0,0,0,0,0,1,1,1,1,1,0,0,0,1
416,0,0,1,0,1,0,1,1,0,0,0,0,1,0,0,0,1,0,1,0,1,0,1,1
417,0,0,1,1,1,1,1,0,1,1,0,0,1,0,0,0,1,0,1,1,1,0,1,1
418,0,0,1,1,1,0,0,0,0,0,0,0,1,1,1,1,0,0,0,0,1,0,1,1
419,1,0,1,1,1,0,0,0,1,0,0,1,1,0,0,0,1,0,1,1,1,0,0,1
420,0,0,1,1,1,0,1,0,0,0,0,0,1,0,1,0,1,0,1,1,1,0,0,1
421,0,0,1,1,0,0,1,1,0,0,0,0,1,0,0,0,0,0,1,1,1,0,0,1
422,1,0,1,1,1,0,1,1,0,0,1,0,0,0,1,0,0,0,1,1,1,0,0,1
423,1,0,1,0,1,0,1,1,0,0,0,0,1,0,0,0,1,0,1,0,1,0,0,1
424,0,0,1,1,1,0,1,0,1,0,0,0,1,0,1,1,0,0,1,1,1,1,1,1
425,0,1,1,0,1,1,1,1,0,0,0,0,1,0,1,0,0,0,0,1,0,0,1,1
426,1,1,1,1,1,0,1,1,0,0,0,0,1,0,0,0,0,0,0,1,1,0,0,1
427,1,0,1,1,0,0,0,0,0,0,0,1,1,0,0,0,0,0,1,0,1,0,0,1
428,0,1,1,0,1,0,1,1,0,0,0,0,1,0,0,0,1,0,1,1,0,0,0,1
429,0,0,1,1,1,0,0,0,0,1,1,0,1,0,0,0,0,0,1,1,1,1,0,1
430,1,0,1,1,1,0,1,0,0,0,1,0,1,1,0,0,1,0,1,0,1,0,0,1
431,1,1,1,1,1,0,1,1,0,0,0,0,0,0,0,0,0,0,1,1,1,0,0,1
432,1,0,1,0,1,0,1,1,1,0,1,0,1,0,0,0,0,1,1,0,1,0,1,1
433,0,0,1,1,1,0,1,1,0,0,0,0,1,0,0,0,1,0,1,0,1,1,0,1
434,0,1,1,1,0,0,1,1,0,0,0,0,1,0,0,1,1,0,1,0,1,0,1,1
435,1,0,1,0,1,0,1,0,1,1,1,0,0,0,0,0,0,0,1,0,1,0,0,1
436,1,0,1,0,1,0,1,0,0,0,0,0,1,1,0,1,1,0,1,0,1,0,0,1
437,0,0,1,0,1,0,1,1,0,0,0,0,1,0,0,0,1,0,1,1,1,1,0,1
438,1,0,1,0,1,0,1,1,0,0,0,0,1,0,0,0,1,0,1,1,1,0,0,1
439,0,0,1,0,0,0,1,0,1,0,0,0,1,0,1,0,0,0,1,1,1,1,1,0
440,1,0,1,0,1,0,0,0,0,0,0,0,1,0,0,0,0,0,1,0,1,1,0,1
441,1,1,1,1,0,0,1,1,0,0,0,0,1,0,0,0,1,0,1,0,1,0,1,1
442,0,1,1,0,1,1,1,0,0,1,0,0,1,0,0,1,1,0,1,1,1,0,0,1
443,1,0,1,1,0,0,1,0,0,0,0,0,1,0,0,1,1,0,1,0,1,0,0,1
444,1,1,1,0,1,0,1,1,0,0,0,0,1,0,0,0,0,1,1,1,1,0,1,1
445,0,0,1,1,1,0,1,1,1,1,0,0,1,0,0,0,0,0,1,1,1,1,1,1
446,0,0,1,1,1,0,1,1,0,0,1,0,1,0,0,0,0,0,1,1,1,0,0,1
447,0,0,1,1,0,0,0,0,1,0,0,0,1,1,0,0,0,0,1,0,1,1,0,1
448,1,0,1,0,1,0,0,1,1,0,0,0,0,0,0,0,0,0,1,1,1,1,0,1
449,0,0,1,0,1,1,1,0,1,0,0,0,1,0,0,0,1,0,1,1,1,0,0,1
450,0,0,1,0,1,0,1,0,0,0,0,0,1,0,1,0,1,0,1,1,1,0,0,1
451,1,0,1,1,1,0,1,0,0,0,0,0,1,0,0,0,1,0,0,1,1,1,0,1
452,1,0,1,0,1,0,1,1,0,0,0,0,1,0,1,0,1,0,1,1,1,0,0,1
453,0,0,1,1,1,0,0,1,0,1,0,0,1,0,0,0,1,1,0,0,1,0,1,1
454,1,0,1,0,1,0,1,0,0,0,1,0,1,0,0,0,0,0,0,1,1,0,0,1
455,1,1,1,1,1,0,1,1,1,0,0,0,1,0,1,0,0,0,0,1,1,0,0,1
456,1,0,1,1,1,1,1,0,0,0,0,0,0,0,1,0,0,0,1,1,1,1,0,1
457,1,0,1,0,1,0,1,1,0,0,0,0,1,1,0,0,0,0,1,1,1,1,0,1
458,0,0,1,0,1,0,1,1,0,0,0,0,1,0,1,1,0,0,1,1,0,0,0,1
459,0,0,1,0,1,0,1,0,0,0,0,0,1,0,0,1,1,0,1,1,1,0,0,1
460,0,1,1,0,0,0,1,1,0,1,1,0,0,0,0,0,0,0,1,1,1,0,1,1
461,0,0,1,0,1,0,1,0,0,0,0,0,1,0,0,0,0,0,1,0,1,1,0,1
462,1,0,1,0,1,1,1,0,1,0,0,0,1,0,0,0,1,0,1,1,1,0,0,1
463,0,0,1,1,0,0,1,0,0,1,0,0,1,0,0,0,1,0,1,0,1,0,1,1
464,1,0,1,0,1,0,1,0,0,0,0,0,0,0,0,0,1,0,1,0,1,1,0,1
465,1,0,1,1,1,0,1,0,0,0,0,0,0,0,0,1,0,1,1,1,1,0,1,1
466,0,0,1,0,1,0,1,0,0,0,0,1,1,0,0,0,0,0,0,1,1,1,1,0
467,0,0,1,1,1,0,1,0,0,0,1,0,0,1,0,0,1,0,1,1,1,0,0,1
468,1,0,1,0,1,1,0,0,0,0,0,1,1,0,1,1,0,0,1,1,0,0,0,1
469,1,0,1,0,1,0,1,1,0,1,1,0,1,0,0,1,1,0,1,1,1,0,0,1
470,1,0,1,1,1,1,1,1,0,1,0,1,0,0,0,1,0,0,1,0,1,1,0,1
471,0,0,1,1,0,0,1,0,1,0,0,0,1,0,0,1,0,0,1,0,1,0,0,1
472,1,0,1,1,1,0,1,1,0,0,1,0,0,0,0,0,1,1,1,0,1,1,0,0
473,1,0,1,1,1,0,1,0,0,1,1,0,1,0,0,0,0,1,1,0,1,0,0,1
474,1,0,1,1,1,0,1,1,0,0,0,0,1,0,0,0,1,0,1,1,1,0,0,1
475,1,0,1,0,1,0,1,0,0,0,0,0,1,0,0,0,0,0,1,0,1,0,0,1
476,1,0,1,1,1,0,1,1,0,0,0,0,1,1,0,0,1,0,1,0,1,1,0,1
477,0,0,1,0,0,0,1,1,0,0,1,0,1,0,1,1,0,1,0,0,1,0,1,1
478,0,0,1,1,1,0,0,0,1,0,0,0,1,0,0,1,1,1,1,1,1,1,1,1
479,0,0,1,1,1,0,1,0,0,1,1,0,1,0,0,1,0,0,1,1,1,0,0,1
480,1,0,1,0,1,0,1,1,0,0,0,0,1,0,1,0,1,0,1,1,1,1,0,1
481,0,1,1,0,1,0,1,1,1,1,0,0,1,0,0,0,1,0,1,1,1,0,0,1
482,0,0,1,1,0,1,1,1,0,0,0,0,1,0,0,0,1,0,0,0,1,0,0,1
483,0,0,1,1,1,0,1,1,0,1,1,1,1,0,1,0,0,1,1,1,0,0,0,1
484,1,0,1,0,1,0,1,0,1,0,0,0,1,0,0,0,1,0,1,0,1,0,0,1
485,1,0,1,0,1,0,1,1,0,0,1,0,0,1,0,1,1,0,1,1,1,1,0,1
486,1,0,1,1,1,1,1,0,1,0,0,0,1,0,1,0,0,1,1,1,1,0,0,1
487,1,1,1,0,1,0,1,0,0,0,0,0,1,0,1,0,1,1,1,1,0,1,0,1
488,0,1,1,0,1,0,1,0,1,0,1,0,1,0,0,0,0,0,1,0,1,0,0,1
489,1,0,1,0,1,0,1,1,0,0,1,0,1,0,0,0,1,0,1,0,1,0,0,1
490,1,0,1,0,0,0,1,0,1,0,0,0,0,0,0,0,1,1,0,0,1,0,0,0
491,0,1,1,0,1,0,0,1,0,0,0,0,1,0,0,0,1,0,1,0,0,0,1,1
492,0,0,1,0,1,0,1,1,0,0,0,0,0,0,1,0,0,0,1,0,1,0,0,1
493,1,0,1,0,1,0,1,1,1,0,0,0,1,0,0,0,0,0,1,0,1,0,0,1
494,0,0,1,0,1,0,1,0,0,0,0,0,0,0,1,0,0,0,1,1,1,1,0,1
495,0,0,1,1,1,0,1,1,0,1,1,0,1,0,0,0,1,1,1,1,1,0,0,1
496,0,0,1,1,1,0,1,0,0,0,0,0,1,0,0,1,1,0,0,1,1,1,0,1
497,1,0,1,1,1,0,0,1,0,0,0,0,1,0,0,0,1,0,1,1,0,1,0,1
498,1,0,1,0,0,0,1,0,0,0,0,0,1,0,0,0,1,0,1,0,1,0,0,0
499,1,0,1,1,1,0,0,0,0,0,0,0,1,0,0,0,1,0,1,1,1,1,0,1
500,1,1,1,0,1,0,1,0,0,0,0,0,1,0,0,0,0,0,0,1,1,0,0,1
501,1,1,1,1,1,0,1,1,0,0,0,1,1,0,0,0,0,0,1,1,1,0,0,1
502,0,0,1,0,0,0,1,0,1,0,0,0,1,0,1,0,1,0,1,0,1,0,1,1
503,0,0,1,1,1,0,1,0,0,0,0,0,1,0,0,0,1,0,1,0,1,1,1,1
504,1,0,1,0,1,0,1,0,0,0,0,0,0,0,1,0,0,0,1,0,1,0,0,1
505,0,0,1,0,0,0,1,1,0,0,0,0,0,0,1,1,1,0,1,1,1,0,0,1
506,0,0,1,0,1,0,1,0,0,1,0,0,1,0,1,0,0,0,1,0,1,0,0,1
507,0,0,1,0,1,1,1,1,0,0,0,0,1,0,0,1,0,0,1,1,0,0,0,1
508,1,1,1,0,1,1,1,1,0,0,0,0,1,0,0,0,1,0,1,1,1,0,1,1
509,0,0,1,1,1,0,1,0,0,1,0,0,1,0,0,0,1,0,1,0,1,0,0,1
510,0,0,1,0,1,0,1,0,0,1,0,0,1,0,0,0,0,0,1,1,1,1,1,1
511,1,0,1,1,1,0,1,1,1,0,0,0,1,0,0,0,1,0,0,1,1,1,1,1
512,1,1,1,0,1,0,0,1,0,0,0,0,1,0,1,0,0,1,1,1,1,1,1,1
513,0,1,1,1,1,0,1,1,0,0,0,0,1,0,1,0,1,0,0,1,1,1,1,1
514,0,0,1,1,1,0,0,1,0,0,0,0,1,0,1,0,1,0,1,1,0,0,0,1
515,0,0,1,1,0,0,0,0,0,0,1,0,1,0,0,0,0,0,1,1,1,0,0,1
516,1,0,1,0,1,0,1,1,0,0,0,0,0,0,0,0,1,0,1,1,0,1,0,1
517,0,0,1,0,1,0,1,0,1,0,0,0,1,0,0,1,1,0,1,1,1,0,0,1
518,0,0,1,0,1,0,1,0,0,0,1,0,1,0,0,0,0,0,1,1,1,0,0,1
519,1,0,1,0,1,0,1,1,1,0,0,0,1,0,0,0,0,1,0,1,1,0,1,1
520,1,0,1,0,1,0,1,0,0,0,0,0,0,0,0,1,1,0,1,1,1,1,0,1
521,0,0,1,1,1,0,0,0,0,0,0,0,1,0,0,0,0,0,1,1,0,0,0,0
522,0,0,1,0,1,0,1,1,0,0,0,0,1,0,0,1,0,0,0,1,1,0,0,1
523,1,0,1,0,0,0,1,0,0,0,1,1,1,0,0,0,0,0,1,0,1,0,0,0
524,1,0,1,0,0,0,1,1,0,0,0,0,1,1,0,0,0,0,1,0,1,1,0,1
525,1,0,1,0,1,0,1,0,0,0,0,1,1,0,0,0,0,0,1,1,1,1,1,1
526,0,1,1,1,1,0,0,1,0,1,0,0,0,0,0,0,0,0,1,0,1,1,0,1
527,1,0,1,1,1,0,0,1,0,0,0,0,1,0,0,0,0,0,1,1,1,0,1,1
528,0,0,1,0,1,0,1,1,0,0,0,0,1,0,0,1,1,0,1,0,1,0,0,1
529,1,0,1,0,1,0,1,0,0,0,1,0,1,0,0,0,0,0,0,1,1,0,0,1
530,1,0,1,1,1,0,1,0,0,0,0,0,0,0,0,0,1,1,1,1,1,0,0,1
531,0,0,1,1,1,0,1,1,0,0,0,0,1,0,1,0,1,0,1,1,1,0,1,1
532,0,0,1,1,1,0,0,0,0,0,0,1,1,0,0,1,1,1,1,0,1,1,0,1
533,0,0,1,1,1,1,1,0,0,1,1,0,1,0,0,0,1,0,1,1,1,1,1,1
534,0,0,1,1,1,0,1,1,0,0,1,0,1,0,0,0,0,1,1,1,0,0,0,1
535,0,0,1,1,1,0,1,1,0,1,0,0,1,0,0,0,0,0,1,1,1,1,1,1
536,1,0,1,0,1,0,1,0,0,0,0,0,1,0,0,1,1,0,1,0,1,1,0,0
537,1,1,1,1,1,0,0,1,0,0,0,0,1,0,1,0,0,0,1,1,1,1,0,1
538,0,0,1,0,1,0,1,1,0,0,0,0,1,0,1,1,1,0,1,0,1,0,0,1
539,0,0,1,0,1,0,1,1,0,0,1,0,1,0,1,0,0,0,0,1,1,0,1,1
540,1,0,1,1,0,0,1,1,0,0,0,0,0,0,0,0,1,0,1,0,1,1,0,1
541,0,0,1,0,1,0,1,0,0,0,0,0,1,1,0,1,0,0,1,0,1,0,0,1
542,1,0,1,0,1,0,0,0,0,0,0,0,1,0,0,1,1,0,1,0,0,0,0,1
543,0,0,1,0,1,0,0,0,0,0,0,0,1,0,1,0,1,1,1,1,1,0,0,0
544,1,0,1,1,1,0,1,1,0,0,1,0,1,0,0,0,1,0,1,0,1,0,1,1
545,1,0,1,1,1,0,0,0,1,0,0,0,1,0,0,0,0,0,1,0,1,0,0,1
546,1,0,1,1,1,0,0,0,0,0,0,0,1,0,0,1,1,0,1,0,1,1,1,1
547,1,0,1,0,1,0,1,0,0,0,0,0,1,0,0,0,1,0,1,1,1,1,1,1
548,1,1,1,0,0,0,1,0,0,0,0,0,0,0,1,0,1,0,1,0,1,1,1,1
549,1,0,1,0,0,0,0,1,0,1,0,1,1,0,0,1,0,0,1,0,0,0,0,1
550,0,0,1,1,1,0,1,0,0,0,1,1,1,0,1,0,0,0,1,0,1,0,1,1
551,0,0,1,0,1,0,1,0,1,0,1,0,0,0,0,0,1,0,1,1,0,1,0,1
552,1,0,1,0,1,0,1,1,0,0,0,0,1,0,0,0,0,0,1,0,1,0,0,1
553,1,0,1,0,1,0,1,1,1,0,0,0,1,0,0,0,1,1,1,0,1,0,1,1
554,1,0,1,1,1,0,1,1,0,1,0,0,1,0,0,0,0,0,1,1,1,1,1,1
555,1,0,1,0,0,0,1,1,0,0,1,0,1,1,1,0,1,0,1,0,1,0,1,1
556,0,0,1,0,1,0,1,0,0,0,0,0,1,0,0,0,1,0,0,0,1,0,1,1
557,1,1,1,0,1,0,0,1,0,0,1,0,0,0,0,1,1,0,1,1,1,0,0,1
558,0,0,1,1,1,0,0,0,0,0,0,0,1,0,0,1,0,0,1,1,1,1,0,1
559,1,0,1,1,1,0,1,1,1,0,0,0,1,0,1,1,0,0,1,0,1,0,0,1
560,0,1,1,1,1,0,1,0,0,0,0,0,1,0,0,0,1,0,1,1,1,0,0,1
561,0,0,1,1,1,0,1,0,0,0,0,0,0,0,0,0,1,0,1,1,1,1,0,1
562,0,0,1,1,0,0,1,1,0,1,0,0,1,0,0,0,1,0,1,1,1,0,0,1
563,0,0,1,1,1,0,0,1,0,0,1,0,1,0,0,1,1,0,1,0,1,1,1,1
564,1,1,1,1,1,0,0,1,1,0,1,0,1,0,0,0,0,0,1,0,1,0,1,1
565,1,0,1,1,0,0,1,1,0,0,0,0,1,0,0,0,0,0,1,1,1,1,1,1
566,1,0,1,0,1,0,1,1,0,0,0,0,0,0,0,0,1,1,1,1,1,0,0,0
567,0,0,1,0,1,0,0,0,0,0,0,0,1,1,0,0,0,0,1,0,1,0,0,1
568,1,0,0,1,1,0,1,1,1,0,0,0,1,0,0,0,0,0,1,1,0,0,0,1
569,1,0,1,0,1,0,1,0,0,0,0,0,0,0,0,0,0,0,0,1,1,0,0,1
570,0,0,1,0,1,0,1,0,0,0,1,0,1,0,0,0,1,0,1,1,1,0,0,1
571,0,0,1,0,1,1,1,1,0,0,0,0,1,1,0,0,0,0,1,0,1,0,1,1
572,1,0,1,1,1,0,1,0,0,0,0,0,1,0,0,1,0,0,1,1,1,0,0,1
573,1,0,0,1,1,0,1,1,0,0,0,0,1,1,0,0,1,0,1,1,1,1,0,1
574,1,0,1,0,1,0,1,0,0,0,0,0,1,1,0,0,1,0,0,1,1,0,1,1
575,0,1,1,1,1,0,0,0,0,1,0,0,1,0,0,0,1,0,0,0,1,1,0,1
576,1,0,1,1,1,0,1,0,1,0,0,0,0,0,0,0,0,0,1,0,1,0,0,0
577,1,1,1,0,1,0,1,0,0,0,0,0,1,0,0,0,0,0,0,1,1,0,0,1
578,0,0,1,1,1,0,1,0,0,0,0,0,1,0,0,0,1,0,1,1,1,0,0,1
579,1,0,1,1,1,0,1,1,0,0,0,0,1,0,0,0,1,0,1,0,0,0,1,1
580,0,0,1,0,1,0,1,1,0,0,0,0,1,0,0,1,1,0,1,0,1,0,0,1
581,1,0,1,1,1,0,0,0,0,0,0,0,0,0,0,0,1,0,1,1,1,1,0,1
582,0,0,1,1,1,0,1,0,0,0,0,1,1,1,0,0,0,0,1,1,1,0,0,1
583,1,0,1,1,1,0,1,1,1,0,1,0,0,1,1,0,1,0,1,1,1,1,1,1
584,1,1,1,0,0,1,1,0,0,0,0,0,1,1,0,0,1,0,1,1,0,0,0,1
585,1,0,1,0,1,0,1,1,0,0,0,0,1,0,0,1,1,0,1,1,1,1,0,1
586,1,0,1,1,1,0,1,1,0,0,0,0,1,0,0,0,1,0,1,1,1,0,0,1
587,0,0,1,1,1,0,1,0,0,0,1,0,1,0,0,1,1,0,1,1,1,1,0,1
588,0,0,1,0,1,0,1,0,0,0,0,0,1,0,0,0,1,0,1,1,0,0,0,1
589,0,0,1,0,1,0,1,0,0,0,0,0,1,0,0,1,0,0,0,1,1,0,0,1
590,1,0,1,1,1,0,1,1,0,0,0,0,1,1,1,1,0,0,1,1,0,0,0,1
591,1,0,1,0,1,0,1,1,0,0,0,0,1,0,1,0,1,0,1,1,1,1,0,1
592,0,0,1,0,1,0,1,0,0,0,0,0,1,0,0,0,0,0,1,0,1,0,0,0
593,1,0,1,1,1,0,1,0,0,0,0,0,1,0,1,1,0,1,1,1,1,1,1,0
594,0,0,1,1,1,1,0,1,0,0,0,0,1,0,0,0,0,0,1,1,1,1,0,1
595,0,0,1,1,1,0,1,0,0,0,1,0,1,0,1,1,1,0,1,1,1,1,1,1
596,0,0,1,1,0,0,1,0,1,0,1,0,1,0,0,0,0,0,1,0,0,0,0,1
597,0,0,1,1,1,0,1,0,0,0,0,0,0,1,0,1,1,0,1,1,1,0,0,1
598,1,0,1,1,0,0,1,0,0,0,0,0,1,0,0,0,0,0,1,0,1,1,0,1
599,1,1,1,0,0,0,1,0,0,0,0,0,1,0,0,0,1,0,0,1,1,0,0,1
600,0,0,1,1,1,0,0,1,0,0,0,0,1,0,0,0,0,0,0,1,1,1,0,1
601,1,0,1,0,0,0,0,0,1,0,1,0,1,0,0,1,0,0,1,0,1,0,0,1
602,0,0,1,1,1,0,1,1,1,0,0,0,1,0,0,0,1,0,0,0,1,1,0,1
603,1,1,1,0,0,0,1,1,0,0,0,0,1,0,1,0,0,0,1,1,1,1,0,1
604,0,0,1,1,0,1,1,1,0,0,0,0,1,0,1,0,0,0,1,1,1,1,1,1
605,0,1,1,1,1,0,1,1,0,1,0,0,1,0,0,0,1,0,1,1,1,0,1,1
606,1,0,1,0,1,0,1,0,0,0,1,0,1,0,0,0,1,0,1,1,1,1,0,1
607,0,0,1,1,1,0,1,1,0,0,0,0,1,1,0,1,0,0,0,1,1,0,1,1
608,1,0,1,0,0,0,0,1,0,0,0,0,0,0,1,0,1,0,1,0,0,0,0,1
609,0,0,1,1,1,0,1,0,0,0,0,0,1,0,1,1,0,0,1,0,1,1,0,1
610,1,0,1,1,1,0,1,0,0,0,1,0,1,1,0,0,0,0,0,0,1,0,0,0
611,0,0,1,1,0,0,0,0,0,0,0,0,1,0,0,0,0,0,1,1,1,0,0,1
612,1,0,1,1,1,0,1,0,1,0,1,0,1,0,0,0,0,1,1,0,0,1,1,0
613,0,0,1,1,1,0,1,1,0,0,0,0,1,0,1,0,1,0,1,0,1,1,0,1
614,0,0,1,1,1,0,0,1,0,1,1,0,1,0,1,0,1,0,1,1,1,1,1,1
615,0,0,1,1,0,0,1,1,0,0,0,0,0,0,0,1,0,0,1,1,0,0,1,1
616,0,0,1,0,1,0,0,1,0,0,1,0,1,0,1,0,0,0,1,1,1,1,0,1
617,0,1,1,0,1,0,1,0,1,1,1,0,1,0,0,0,0,0,0,1,0,0,0,1
618,1,0,1,0,1,0,1,1,0,0,1,0,1,0,0,0,1,0,1,0,1,0,0,1
619,0,0,1,0,1,0,1,0,0,0,0,0,1,0,0,0,1,1,0,0,1,0,0,1
620,1,0,1,0,1,0,1,1,0,0,0,1,1,0,1,0,0,0,1,1,1,0,0,1
621,1,0,1,1,1,0,1,0,0,0,0,0,1,0,1,0,1,0,1,0,1,1,0,1
622,0,0,1,0,1,0,1,1,1,0,0,0,1,1,0,1,1,0,1,0,1,1,0,1
623,0,1,1,1,1,0,1,1,0,0,0,0,1,0,1,1,1,0,1,1,1,1,1,1
624,1,0,1,0,1,0,1,0,1,0,0,1,1,0,0,1,1,0,0,1,1,1,0,1
625,1,0,1,1,1,0,1,1,0,0,0,0,1,0,0,0,0,0,1,1,1,0,1,1
626,0,0,1,1,1,0,0,0,0,0,0,0,1,0,1,0,1,0,0,1,1,0,0,1
627,1,0,1,0,1,0,1,0,0,0,0,0,1,0,0,0,1,0,1,1,1,0,0,1
628,0,0,1,1,1,0,1,1,0,0,0,0,1,0,0,0,0,0,1,1,1,1,0,1
629,1,0,1,0,1,0,1,0,0,0,0,0,1,0,0,0,1,0,1,0,1,0,0,1
630,1,0,1,0,1,0,1,1,1,0,0,0,1,0,0,0,1,0,1,0,1,0,0,1
631,0,0,1,1,1,0,0,0,1,0,0,0,0,0,1,0,0,0,1,1,0,0,0,1
632,1,1,1,1,1,0,0,0,0,0,0,0,1,0,1,0,1,1,1,0,1,1,0,1
633,0,0,1,1,1,0,0,1,0,0,0,0,1,0,1,0,0,0,1,0,1,1,0,1
634,0,0,1,0,1,0,1,1,1,0,0,0,1,0,0,0,1,0,1,1,1,0,1,1
635,1,0,1,1,1,0,1,1,0,0,0,0,1,0,0,0,0,1,1,1,1,0,1,1
636,1,0,1,0,1,0,1,1,0,0,1,0,1,0,1,0,0,0,1,1,1,0,0,1
637,0,0,1,1,1,0,1,1,0,1,0,0,1,1,0,1,0,0,1,0,1,1,0,1
638,0,0,1,0,1,0,0,0,0,0,0,0,1,0,1,0,0,0,1,0,1,1,0,1
639,0,0,1,0,1,0,1,1,0,0,0,1,1,0,0,0,1,0,1,0,0,1,0,1
640,0,1,1,0,1,0,1,0,0,0,0,0,1,0,0,0,1,0,1,1,1,1,1,1
641,1,0,1,0,1,0,1,1,0,0,0,0,1,1,1,1,0,0,1,1,1,1,0,1
642,0,0,1,1,1,1,1,1,0,0,1,0,0,0,1,0,0,0,1,1,1,0,0,1
643,0,0,1,1,1,0,0,0,0,0,0,0,1,0,0,0,0,0,1,0,1,0,1,1
644,0,1,1,1,1,1,1,1,0,0,0,0,0,0,0,0,1,0,1,0,0,0,0,1
645,1,1,1,0,1,0,1,1,0,0,0,0,1,0,0,0,1,0,1,0,1,0,0,1
646,1,1,1,0,1,1,1,0,0,0,0,0,1,0,1,0,1,0,0,1,0,0,0,1
647,0,0,1,0,1,0,0,1,0,0,0,0,1,0,0,0,0,0,0,1,1,0,0,1
648,0,0,1,1,1,0,1,1,0,0,1,0,1,0,0,0,0,0,1,1,1,0,0,1
649,1,0,1,0,1,0,0,0,0,0,0,0,1,0,0,0,1,0,1,1,1,0,0,1
650,1,0,1,0,1,0,0,1,1,0,1,0,1,0,1,0,0,0,1,1,0,0,0,1
651,1,0,1,1,1,0,0,1,0,0,0,0,0,0,0,1,0,0,1,1,1,0,0,1
652,0,0,1,0,1,1,1,1,0,0,0,0,0,0,0,1,1,0,1,0,1,0,0,1
653,0,0,1,1,0,0,1,0,0,0,1,0,1,1,0,0,0,0,1,1,1,0,0,1
654,0,0,1,1,1,0,1,0,0,0,0,0,1,0,0,0,1,0,1,1,1,0,0,1
655,0,0,1,0,1,1,1,0,0,0,0,0,0,0,0,0,0,0,0,0,0,1,0,1
656,1,0,1,0,1,0,1,0,1,0,0,0,1,1,0,0,0,0,1,0,1,1,0,0
657,0,0,1,1,0,0,1,0,0,0,0,0,1,0,0,1,1,0,0,1,1,0,0,1
658,1,1,1,1,1,0,1,1,0,0,1,0,1,0,0,0,0,0,1,0,1,0,0,1
659,0,0,1,0,1,0,1,0,1,0,0,0,1,1,0,0,1,0,0,0,1,1,1,1
660,1,0,1,0,1,0,1,0,0,0,1,0,1,0,0,0,0,0,1,0,1,1,0,1
661,0,0,0,0,0,0,1,1,0,0,0,0,1,0,0,0,1,0,1,0,0,0,1,1
662,0,0,1,1,1,1,0,1,0,0,0,0,1,0,0,1,0,0,1,1,1,1,0,1
663,0,0,1,0,1,0,1,0,1,0,0,0,1,0,0,1,1,1,1,1,1,0,0,1
664,0,0,1,1,1,1,1,1,0,0,0,0,0,0,1,0,0,0,1,1,0,0,0,1
665,1,0,1,0,1,0,1,0,0,0,0,0,1,0,1,0,0,0,0,0,1,1,0,0
666,0,0,1,0,1,0,1,1,0,0,0,1,1,0,1,0,0,0,1,1,1,1,0,1
667,0,0,1,0,1,0,1,0,0,0,0,0,1,0,0,0,1,1,1,0,1,0,1,1
668,0,0,1,0,1,0,1,1,0,0,1,1,1,1,0,1,0,0,1,1,1,0,0,1
669,0,0,1,1,1,0,1,1,1,0,0,0,1,0,0,0,0,0,1,1,1,0,0,1
670,0,0,1,0,1,0,0,1,0,0,1,0,1,1,0,0,1,0,1,1,1,0,0,1
671,1,0,1,0,1,0,1,1,0,0,0,1,1,0,0,0,0,0,1,1,1,0,0,1
672,0,0,1,1,1,0,1,0,1,0,0,0,1,0,0,0,1,1,1,1,0,0,0,1
673,0,0,1,1,1,0,0,0,0,0,0,0,1,0,0,1,1,0,1,0,0,0,0,1
674,0,1,0,1,1,0,1,1,0,0,0,0,1,1,0,0,1,0,1,1,0,1,0,1
675,1,0,1,0,0,0,1,0,0,0,0,0,1,0,1,0,1,0,1,1,1,0,0,0
676,1,0,1,1,1,0,1,1,0,1,1,0,1,0,1,0,1,0,1,1,0,1,0,1
677,1,0,1,0,1,0,1,0,0,0,0,0,1,0,0,1,1,0,1,1,1,0,0,1
678,1,0,1,1,1,0,1,1,0,1,0,0,1,1,0,0,1,0,1,0,1,1,0,1
679,0,0,1,1,1,0,1,1,0,0,0,0,1,0,0,0,0,0,0,1,1,0,0,1
680,0,0,1,1,1,0,1,1,0,0,0,0,1,0,1,1,1,0,1,0,1,1,0,1
681,0,1,1,1,1,0,1,1,0,0,0,1,0,0,1,0,1,0,0,0,0,1,0,1
682,1,0,0,0,1,0,1,0,0,0,1,0,1,0,0,0,1,0,1,1,1,0,0,1
683,1,0,1,1,0,0,1,1,0,0,0,0,1,0,0,0,1,0,1,1,1,1,0,1
684,1,1,1,1,1,0,1,0,0,0,0,1,1,0,0,0,0,0,1,1,1,0,0,1
685,1,0,1,0,0,0,1,1,1,0,0,0,1,0,0,0,0,1,1,1,0,0,0,1
686,1,0,1,1,1,0,1,1,0,1,0,0,0,0,0,0,1,1,1,1,1,0,0,1
687,0,1,1,0,1,0,0,1,0,0,0,0,1,0,0,0,0,0,1,1,1,1,0,1
688,1,0,1,1,1,0,1,1,0,0,0,0,0,0,0,1,0,0,1,1,1,0,0,1
689,1,0,1,1,1,0,1,0,0,0,1,0,1,1,0,0,1,0,1,1,1,0,0,1
690,1,1,1,1,0,0,1,1,0,0,0,0,1,0,0,0,0,0,1,1,1,1,1,1
691,0,1,0,0,1,0,1,1,0,0,0,0,1,1,0,1,0,0,1,0,1,1,0,1
692,0,0,1,1,1,0,1,0,0,0,0,0,1,0,0,0,1,0,1,0,1,0,0,1
693,1,1,1,0,0,0,1,1,0,1,0,0,0,0,0,1,1,0,1,1,1,1,0,1
694,1,0,1,1,1,0,1,0,0,1,0,0,1,0,0,0,1,0,1,1,1,0,0,1
695,1,0,1,0,1,0,1,1,0,0,0,0,1,0,0,1,0,0,0,1,1,0,0,1
696,0,0,1,0,1,0,1,0,0,0,0,0,1,1,0,1,0,0,1,0,1,0,1,1
697,1,0,1,0,0,0,1,1,0,0,0,0,1,0,0,1,1,0,1,0,1,0,0,1
698,0,0,1,0,1,0,1,0,0,0,0,0,0,0,0,0,0,0,1,1,1,0,0,1
699,0,0,1,1,0,0,1,1,0,0,0,0,1,0,0,1,0,0,1,1,1,0,0,1
700,0,0,1,0,1,1,0,0,0,0,0,0,1,0,0,0,0,0,1,0,1,0,0,1
701,1,0,1,0,1,1,1,1,0,0,0,0,1,1,0,0,1,0,1,0,1,0,0,1
702,1,0,1,1,1,0,1,1,0,0,1,0,1,0,0,0,0,0,1,1,0,1,1,1
703,0,0,1,1,1,1,1,1,0,0,0,0,0,0,0,0,1,0,1,1,1,0,0,1
704,0,0,1,0,1,0,1,1,0,0,0,0,1,0,0,0,1,0,1,1,1,1,0,1
705,1,0,1,1,1,0,1,0,0,0,1,0,1,0,0,0,1,0,1,0,1,0,0,1
706,1,0,1,1,1,0,1,0,0,0,0,0,0,0,1,1,1,0,1,1,1,1,1,1
707,1,0,1,0,0,0,1,1,0,0,0,0,1,0,0,0,1,0,1,1,1,0,0,1
708,0,0,1,0,1,0,1,0,0,1,0,0,1,0,0,0,1,0,1,0,1,0,0,1
709,1,0,1,1,1,1,1,1,1,0,0,0,1,0,0,0,1,1,1,1,1,1,0,1
710,1,1,1,1,1,0,1,0,0,0,0,0,1,0,0,0,1,1,1,1,1,0,0,1
711,1,0,1,1,1,0,0,0,0,0,0,0,1,0,0,0,1,0,1,1,1,0,0,1
712,0,0,1,1,1,0,1,0,1,1,0,0,1,0,0,0,0,0,1,1,1,1,0,1
713,0,0,1,0,1,0,1,0,0,0,0,0,1,0,0,1,0,0,1,0,1,0,0,1
714,1,0,1,1,1,0,1,0,0,1,0,0,1,0,0,1,0,0,1,1,1,0,0,1
715,1,0,1,1,1,0,1,0,0,0,0,0,1,0,0,1,1,0,1,1,0,1,0,1
716,1,0,1,0,0,0,1,1,0,0,0,0,1,1,0,0,1,0,1,1,1,0,0,1
717,0,0,1,1,0,0,1,0,0,0,0,0,1,0,1,0,1,0,1,0,1,0,1,1
718,0,0,1,1,1,0,1,0,0,1,1,0,1,0,0,0,1,0,1,1,1,0,0,1
719,0,0,1,0,1,0,0,0,0,0,0,0,1,0,0,0,1,0,1,0,0,1,0,1
720,1,0,1,1,1,0,1,0,0,0,0,0,1,0,0,0,0,0,1,0,1,0,1,1
721,0,0,1,0,1,0,1,0,0,0,0,0,1,1,0,0,1,0,1,0,0,1,0,1
722,1,0,1,1,1,0,0,1,0,0,0,0,0,1,0,1,0,0,1,0,1,1,1,1
723,0,0,1,0,1,0,1,0,0,0,0,0,0,0,0,0,1,0,1,0,1,1,0,1
724,0,0,1,0,1,0,1,1,0,0,0,0,1,1,0,1,0,0,1,0,0,1,1,1
725,1,0,1,1,1,0,1,0,0,0,0,0,1,0,1,0,0,0,1,0,1,0,0,1
726,0,0,1,1,1,0,1,1,0,0,0,1,1,0,1,1,1,0,1,0,0,0,0,1
727,0,0,1,1,1,0,1,1,0,0,0,0,1,0,1,1,1,1,1,1,1,0,0,1
728,0,1,1,0,1,1,1,0,0,1,0,0,1,0,0,0,0,0,1,0,1,0,1,1
729,0,0,1,0,1,0,0,0,0,0,0,0,1,0,0,0,1,0,1,0,1,0,0,1
730,1,0,1,0,0,1,0,1,1,0,0,0,1,0,0,1,1,0,1,1,1,1,0,1
731,0,0,1,1,0,0,0,1,0,0,1,0,0,0,0,1,0,0,1,1,1,0,1,1
732,0,0,0,1,1,0,1,0,0,0,1,0,1,0,0,1,0,0,0,1,1,0,0,1
733,1,1,1,1,1,0,1,0,0,0,0,0,1,0,0,0,1,0,1,1,1,0,1,1
734,1,0,1,0,1,1,1,1,0,1,0,0,1,0,0,0,1,0,1,1,1,1,0,1
735,0,0,1,1,1,0,0,0,0,0,0,1,1,1,1,1,0,0,1,0,1,0,0,1
736,0,0,1,0,1,0,0,1,0,0,0,0,1,0,0,1,1,0,1,1,1,0,1,1
737,0,0,1,1,1,0,0,1,0,0,0,0,1,0,0,0,0,1,1,1,1,1,0,1
738,0,0,1,1,1,0,0,0,0,0,0,0,1,0,0,0,1,0,1,0,1,1,0,1
