G01-190411-092055-873_F02.bmp,0
G01-190411-092055-874_F02.bmp,1
G01-190411-092055-875_F02.bmp,2
G01-190411-092056-876_F02.bmp,3
G01-190411-092056-877_F02.bmp,4
G01-190411-092058-887_F02.bmp,5
G01-190411-092058-888_F02.bmp,6
G01-190411-092059-890_F02.bmp,7
G01-190411-092059-891_F02.bmp,8
G01-190411-092059-892_F02.bmp,9
G01-190411-092100-893_F02.bmp,10
G01-190411-092100-894_F02.bmp,11
G01-190411-092122-988_F02.bmp,12
G01-190411-092123-989_F02.bmp,13
G01-190411-092123-990_F02.bmp,14
G01-190411-092123-991_F02.bmp,15
G01-190411-092124-995_F02.bmp,16
G01-190411-092125-998_F02.bmp,17
G01-190411-092743-578_F02.bmp,18
G01-190411-092743-579_F02.bmp,19
G01-190411-092744-583_F02.bmp,20
G01-190411-092745-586_F02.bmp,21
G01-190411-092745-588_F02.bmp,22
G01-190411-092746-590_F02.bmp,23
G01-190411-092747-594_F02.bmp,24
G01-190411-092748-602_F02.bmp,25
G01-190411-092751-614_F02.bmp,26
G01-190411-092752-616_F02.bmp,27
G01-190411-092753-619_F02.bmp,28
G01-190411-092753-621_F02.bmp,29
G01-190411-092758-642_F02.bmp,30
G01-190411-092759-645_F02.bmp,31
G01-190411-092759-646_F02.bmp,32
G01-190411-092759-647_F02.bmp,33
G01-190411-092800-649_F02.bmp,34
G01-190411-092801-654_F02.bmp,35
G01-190411-092801-655_F02.bmp,36
G01-190411-092801-656_F02.bmp,37
G01-190411-092802-658_F02.bmp,38
G01-190411-092806-675_F02.bmp,39
